{"cameraMode":{"drawMode":0,"name":"Shaded","section":"Shading Mode"},"sceneLighting":true,"audioPlay":false,"sceneViewState":{"m_AlwaysRefresh":false,"showFog":true,"showSkybox":true,"showFlares":true,"showImageEffects":true,"showParticleSystems":true,"showVisualEffectGraphs":true,"m_FxEnabled":true},"in2DMode":false,"pivot":{"x":748.2911376953125,"y":695.1475830078125,"z":-784.620361328125},"rotation":{"x":-0.10876791924238205,"y":0.015609296038746834,"z":0.0007911477005109191,"w":-0.9943488836288452},"size":44.81924057006836,"orthographic":false}