{"cameraMode":{"drawMode":0,"name":"Shaded","section":"Shading Mode"},"sceneLighting":true,"audioPlay":false,"sceneViewState":{"m_AlwaysRefresh":false,"showFog":true,"showSkybox":true,"showFlares":true,"showImageEffects":true,"showParticleSystems":true,"showVisualEffectGraphs":true,"m_FxEnabled":true},"in2DMode":false,"pivot":{"x":5.540002346038818,"y":-3.662541151046753,"z":6.639193534851074},"rotation":{"x":0.5579394102096558,"y":-0.08309362083673477,"z":0.054922375828027728,"w":0.8243131041526794},"size":3.1999995708465578,"orthographic":false}