{"cameraMode":{"drawMode":0,"name":"Shaded","section":"Shading Mode"},"sceneLighting":true,"audioPlay":false,"sceneViewState":{"m_AlwaysRefresh":false,"showFog":true,"showSkybox":true,"showFlares":true,"showImageEffects":true,"showParticleSystems":true,"showVisualEffectGraphs":true,"m_FxEnabled":true},"in2DMode":false,"pivot":{"x":0.9237568974494934,"y":-34.072349548339847,"z":81.5539779663086},"rotation":{"x":0.32254424691200259,"y":-0.030473612248897554,"z":0.010495656169950962,"w":0.9462918639183044},"size":1.629673957824707,"orthographic":false}