{"cameraMode":{"drawMode":0,"name":"Shaded","section":"Shading Mode"},"sceneLighting":true,"audioPlay":false,"sceneViewState":{"m_AlwaysRefresh":false,"showFog":true,"showSkybox":true,"showFlares":true,"showImageEffects":true,"showParticleSystems":true,"showVisualEffectGraphs":true,"m_FxEnabled":true},"in2DMode":false,"pivot":{"x":972.6404418945313,"y":635.3128662109375,"z":-337.6418151855469},"rotation":{"x":-0.09483584761619568,"y":-0.28637486696243288,"z":0.031148377805948259,"w":-0.9533246755599976},"size":103.07764434814453,"orthographic":false}