{"cameraMode":{"drawMode":0,"name":"Shaded","section":"Shading Mode"},"sceneLighting":true,"audioPlay":false,"sceneViewState":{"m_AlwaysRefresh":false,"showFog":true,"showSkybox":true,"showFlares":true,"showImageEffects":true,"showParticleSystems":true,"showVisualEffectGraphs":true,"m_FxEnabled":true},"in2DMode":false,"pivot":{"x":6.715933799743652,"y":0.3343372344970703,"z":4.889194488525391},"rotation":{"x":-0.042130112648010257,"y":-0.42444247007369997,"z":-0.019658638164401056,"w":0.9045429229736328},"size":0.6247450113296509,"orthographic":false}