{"cameraMode":{"drawMode":0,"name":"Shaded","section":"Shading Mode"},"sceneLighting":true,"audioPlay":false,"sceneViewState":{"m_AlwaysRefresh":false,"showFog":true,"showSkybox":true,"showFlares":true,"showImageEffects":true,"showParticleSystems":true,"showVisualEffectGraphs":true,"m_FxEnabled":true},"in2DMode":false,"pivot":{"x":12.140755653381348,"y":14.014891624450684,"z":72.46746826171875},"rotation":{"x":-0.026560969650745393,"y":0.7530497312545776,"z":-0.027810456231236459,"w":-0.6574171185493469},"size":1.6687474250793458,"orthographic":false}