{"cameraMode":{"drawMode":0,"name":"Shaded","section":"Shading Mode"},"sceneLighting":true,"audioPlay":false,"sceneViewState":{"m_AlwaysRefresh":false,"showFog":true,"showSkybox":true,"showFlares":true,"showImageEffects":true,"showParticleSystems":true,"showVisualEffectGraphs":true,"m_FxEnabled":true},"in2DMode":false,"pivot":{"x":12.344345092773438,"y":15.271588325500489,"z":72.16273498535156},"rotation":{"x":0.09210644662380219,"y":0.7777911424636841,"z":0.12037336826324463,"w":-0.6105957627296448},"size":1.6687474250793458,"orthographic":false}