{"cameraMode":{"drawMode":0,"name":"Shaded","section":"Shading Mode"},"sceneLighting":true,"audioPlay":false,"sceneViewState":{"m_AlwaysRefresh":false,"showFog":true,"showSkybox":true,"showFlares":true,"showImageEffects":true,"showParticleSystems":true,"showVisualEffectGraphs":true,"m_FxEnabled":true},"in2DMode":false,"pivot":{"x":51.36270523071289,"y":3.7098822593688967,"z":7.667357921600342},"rotation":{"x":-0.026601728051900865,"y":0.9242951273918152,"z":-0.3750828206539154,"w":-0.06555485725402832},"size":30.615650177001954,"orthographic":false}