{"cameraMode":{"drawMode":0,"name":"Shaded","section":"Shading Mode"},"sceneLighting":true,"audioPlay":false,"sceneViewState":{"m_AlwaysRefresh":false,"showFog":true,"showSkybox":true,"showFlares":true,"showImageEffects":true,"showParticleSystems":true,"showVisualEffectGraphs":true,"m_FxEnabled":true},"in2DMode":false,"pivot":{"x":0.8266496658325195,"y":-0.34882068634033205,"z":-0.5489540100097656},"rotation":{"x":-0.08538390696048737,"y":0.9055993556976318,"z":-0.21903470158576966,"w":-0.35301998257637026},"size":13.022601127624512,"orthographic":false}