{"cameraMode":{"drawMode":0,"name":"Shaded","section":"Shading Mode"},"sceneLighting":false,"audioPlay":false,"sceneViewState":{"m_AlwaysRefresh":false,"showFog":true,"showSkybox":false,"showFlares":true,"showImageEffects":true,"showParticleSystems":true,"showVisualEffectGraphs":true,"m_FxEnabled":true},"in2DMode":false,"pivot":{"x":0.12557803094387055,"y":-0.10258689522743225,"z":0.3375503122806549},"rotation":{"x":0.17016667127609254,"y":0.008292061276733876,"z":-0.0014492078917101026,"w":0.9854046702384949},"size":0.3064296841621399,"orthographic":false}